name,category,canonical_url,github_url,interface,license,license_url,capability,disc_specific_gap,recommendation,observed_activity,checked_on,evidence_level,full_disc_pipeline_documented
ScanTailor Advanced,Image preparation,https://github.com/ScanTailor-Advanced/scantailor-advanced,https://github.com/ScanTailor-Advanced/scantailor-advanced,C++ / Qt desktop; batch workflow,GPL-3.0,https://github.com/ScanTailor-Advanced/scantailor-advanced/blob/master/LICENSE,"Deskew, split scanned spreads, adjust margins, and dewarp pages. Strong reference for operator review of archival scans.",Page geometry; no documented physical disc/aperture pair or primary-text voting for mixed label directions.,Use alongside this tool for booklets and inserts; use this maintained fork rather than assuming the original 4lex4 fork is current.,GitHub last push 2026-05-24; archived=False,2026-09-30,"Official documentation, license text/metadata, and repository inspection; not installed or benchmarked",False
unpaper,Image preparation,https://github.com/unpaper/unpaper,https://github.com/unpaper/unpaper,C / CLI,"GPL-2.0-only; individual files also carry MIT, Apache-2.0, or 0BSD terms",https://github.com/unpaper/unpaper/blob/main/README.md,"Automatic page centering, deskew, and removal of scan borders and other paper artifacts.",Designed for paper; cleanup can remove legitimate label artwork. No documented annular alpha mask or projective disc model.,Useful optional document preprocessing; do not apply its cleanup indiscriminately to disc preservation images.,GitHub last push 2024-07-11; archived=False,2026-09-30,"Official documentation, license text/metadata, and repository inspection; not installed or benchmarked",False
NAPS2,Image preparation,https://github.com/cyanfish/naps2,https://github.com/cyanfish/naps2,"C# / GUI and CLI on Windows, macOS, Linux",GPL-2.0-or-later application,https://github.com/cyanfish/naps2/blob/master/LICENSE,"Scanner capture, image/PDF import, automatic deskew, explicit rotation, OCR, and PDF export. CLI has --deskew and --rotate.","General document workflow; no documented weak polycarbonate rim detector, aperture mask, or disc-specific perspective solver.",Good capture front end for an archivist; retain the original capture before creating our derivative.,GitHub last push 2026-09-28; archived=False,2026-09-30,"Official documentation, license text/metadata, and repository inspection; not installed or benchmarked",False
OCRmyPDF,Image preparation,https://github.com/ocrmypdf/OCRmyPDF,https://github.com/ocrmypdf/OCRmyPDF,Python / CLI and API,MPL-2.0 application; external dependencies have separate terms,https://github.com/ocrmypdf/OCRmyPDF/blob/main/LICENSE,"Adds searchable text to scanned PDFs; supports page rotation, deskew, and archival PDF output workflows.",PDF-centered; page orientation is not semantic selection among competing disc-label directions. No disc mask geometry.,"Use for accompanying manuals and booklets, not as the disc-image processing base.",GitHub last push 2026-09-29; archived=False,2026-09-30,"Official documentation, license text/metadata, and repository inspection; not installed or benchmarked",False
cropgui,Image preparation,https://codeberg.org/jepler/cropgui,https://github.com/jepler/cropgui,Python / GTK or Tk GUI using jpegtran,GPL-2.0-or-later,https://github.com/jepler/cropgui/blob/main/COPYING,Lossless JPEG cropping avoids another JPEG decode/re-encode cycle when the crop can align to MCU blocks.,Block-aligned rectangular crops cannot express a circular alpha knockout or arbitrary-angle perspective warp.,Useful for simple JPEG derivative crops. Canonical development moved to Codeberg; the archived GitHub mirror is not proof the whole project ceased.,"GitHub last push 2025-11-18; archived=True; Codeberg archived=False, repository updated 2026-08-29 (not a commit date)",2026-09-30,"Official documentation, license text/metadata, and repository inspection; not installed or benchmarked",False
pyvoussoir,Image preparation,https://github.com/hnesk/pyvoussoir,https://github.com/hnesk/pyvoussoir,Python / CLI,ISC,https://github.com/hnesk/pyvoussoir/blob/master/LICENSE,Detects printed corner glyphs to rectify and split book photographs; exposes page size and crop offsets.,Requires capture markers and a page model. It cannot infer metric disc geometry from an unmarked ellipse alone.,Useful reference for a future calibrated capture station. Latest repository push observed: 2020; evaluate dependencies before adoption.,GitHub last push 2020-08-07; archived=False,2026-09-30,"Official documentation, license text/metadata, and repository inspection; not installed or benchmarked",False
Tropy,Archival organization and delivery,https://github.com/tropy/tropy,https://github.com/tropy/tropy,JavaScript / Electron desktop; plugins,AGPL-3.0,https://github.com/tropy/tropy/blob/main/LICENSE,"Organizes and describes research photographs, with metadata and an extension mechanism.",Research management rather than this automated geometric correction pipeline or a preservation repository.,"Best lightweight companion for describing, grouping, and reviewing disc photographs and their derivatives.",GitHub last push 2026-09-29; archived=False,2026-09-30,"Official documentation, license text/metadata, and repository inspection; not installed or benchmarked",False
CropTool,Archival organization and delivery,https://github.com/danmichaelo/croptool,https://github.com/danmichaelo/croptool,PHP / JavaScript web application; Wikimedia OAuth,MIT,https://github.com/danmichaelo/croptool/blob/main/MIT-LICENSE.txt,"Crops Commons images, including lossless JPEG crops; can publish a new derivative with links to its original.","Wikimedia publication workflow, not an offline batch detector. No documented disc rim/aperture or orientation consensus.",Good provenance and derivative-linking reference for a later public archive interface. No uploads performed in this review.,GitHub last push 2025-02-03; archived=False,2026-09-30,"Official documentation, license text/metadata, and repository inspection; not installed or benchmarked",False
Archivematica,Archival organization and delivery,https://github.com/artefactual/archivematica,https://github.com/artefactual/archivematica,Python / web preservation system and APIs,AGPL-3.0,https://github.com/artefactual/archivematica/blob/qa/1.x/LICENSE,Institutional digital-preservation workflows and long-term management of digital objects.,"An integration destination, not a physical-rim detection or image straightening library.","Preserve original capture, accepted derivative, and our JSON logs together. An integration would need explicit metadata mapping and testing.",GitHub last push 2026-09-28; archived=False,2026-09-30,"Official documentation, license text/metadata, and repository inspection; not installed or benchmarked",False
Kitodo.Production,Archival organization and delivery,https://github.com/kitodo/kitodo-production,https://github.com/kitodo/kitodo-production,Java / web workflow system,GPL-3.0; bundled components have separate notices,https://github.com/kitodo/kitodo-production/blob/main/GPL3-License.txt,"Cultural-heritage mass digitization, workflow control, descriptive/structural metadata, and METS/MODS/ALTO ecosystem.",Large institutional workflow system rather than a drop-in disc processor.,Potential host for a processing/review step where an institution already uses Kitodo; not a reason to migrate this small CLI.,GitHub last push 2026-09-29; archived=False,2026-09-30,"Official documentation, license text/metadata, and repository inspection; not installed or benchmarked",False
Goobi workflow,Archival organization and delivery,https://github.com/intranda/goobi-workflow,https://github.com/intranda/goobi-workflow,Java / web digitization workflow and plugins,GPL-2.0,https://github.com/intranda/goobi-workflow/blob/master/LICENSE,Digitization workflow management for cultural-heritage institutions; supports integration of processing activities.,"Does not document this combined disc geometry, alpha, and multi-angle primary-text algorithm.",Another suitable institutional integration point; build an adapter only for an actual deployment.,GitHub last push 2026-09-30; archived=False,2026-09-30,"Official documentation, license text/metadata, and repository inspection; not installed or benchmarked",False
JHOVE,Archival organization and delivery,https://github.com/openpreserve/jhove,https://github.com/openpreserve/jhove,"Java / CLI, GUI, library",LGPL-2.1-or-later,https://github.com/openpreserve/jhove/blob/integration/LICENSE,"Format identification, validation, and characterization; established modules include TIFF, JPEG, JPEG 2000, and PDF.",Does not straighten images or judge physical capture accuracy. Check the specific module before assuming a format is validated.,Useful supplementary validation of supported preservation formats; our PNG/alpha tests remain necessary.,GitHub last push 2026-09-16; archived=False,2026-09-30,"Official documentation, license text/metadata, and repository inspection; not installed or benchmarked",False
SIPI,Archival organization and delivery,https://github.com/dasch-swiss/sipi,https://github.com/dasch-swiss/sipi,"C++ / CLI and IIIF server, Linux/macOS",AGPL-3.0 core; README also requires a licensed Kakadu source for building,https://github.com/dasch-swiss/sipi/blob/main/LICENSE,"Archival/library image delivery, format conversion, and metadata/ICC preservation or transformation.",No disc detector; JPEG 2000 build dependency means the documented stack is not entirely open source.,"Relevant delivery system, not our processing base. Resolve Kakadu distribution/build terms before selecting it for an all-open stack.",GitHub last push 2026-09-29; archived=False,2026-09-30,"Official documentation, license text/metadata, and repository inspection; not installed or benchmarked",False
Documentarist,Archival organization and delivery,https://github.com/caltechlibrary/documentarist,https://github.com/caltechlibrary/documentarist,Python / archival research project,BSD-3-Clause text in Caltech LICENSE,https://github.com/caltechlibrary/documentarist/blob/main/LICENSE,Caltech Archives project to annotate digitized documents and photographs with content information.,Repository archived; README has unfinished documentation sections. No verified production disc-correction workflow.,"Catalog as historical archival prior art, not a current production starting point.",GitHub last push 2022-05-05; archived=True,2026-09-30,"Official documentation, license text/metadata, and repository inspection; not installed or benchmarked",False
libvips,Implementation candidates,https://github.com/libvips/libvips,https://github.com/libvips/libvips,"C / library, CLI, language bindings",LGPL-2.1,https://github.com/libvips/libvips/blob/master/LICENSE,"Demand-driven, parallel image processing suited to large collections and memory-conscious pipelines.",No disc-specific decisions. A general resampling API does not establish equivalence to our alpha-aware EWA Lanczos3 warp.,Benchmark as an optional preview/backend candidate only when larger-volume needs justify fidelity validation; not adopted here.,GitHub last push 2026-09-29; archived=False,2026-09-30,"Official documentation, license text/metadata, and repository inspection; not installed or benchmarked",False
Tesseract,Implementation candidates,https://github.com/tesseract-ocr/tesseract,https://github.com/tesseract-ocr/tesseract,C++ / OCR CLI and library,Apache-2.0,https://github.com/tesseract-ocr/tesseract/blob/main/LICENSE,Open-source OCR and orientation/script detection; candidate for a Linux/Windows OCR backend.,Global page orientation does not identify intended primary text among artistic rotations; language models and box fidelity need testing.,Higher portability value than a Rust rewrite: evaluate behind our existing multi-view voting logic. Not substituted for Vision in this release.,GitHub last push 2026-09-28; archived=False,2026-09-30,"Official documentation, license text/metadata, and repository inspection; not installed or benchmarked",False
imageproc,Implementation candidates,https://github.com/image-rs/imageproc,https://github.com/image-rs/imageproc,Rust / image-processing crate,MIT,https://github.com/image-rs/imageproc/blob/main/LICENSE,Rust geometric transformations and other image operations.,"Inspected warp interpolation choices are nearest, bilinear, bicubic; not a drop-in EWA Lanczos3/color-managed renderer.","Useful Rust building block, but replacing the current renderer would require a separate quality and performance project.",GitHub last push 2026-08-29; archived=False,2026-09-30,"Official documentation, license text/metadata, and repository inspection; not installed or benchmarked",False
opencv-rust,Implementation candidates,https://github.com/twistedfall/opencv-rust,https://github.com/twistedfall/opencv-rust,Rust / bindings to native OpenCV,MIT bindings; OpenCV license applies separately,https://github.com/twistedfall/opencv-rust/blob/master/LICENSE,"Allows Rust programs to invoke OpenCV, including the same native computer-vision primitives used through Python today.","A language wrapper change does not remove repeated filtering, PNG encoding, or OCR costs.",Suitable if a broader Rust application later needs this detector; not evidence of an automatic speed improvement.,GitHub last push 2026-09-26; archived=False,2026-09-30,"Official documentation, license text/metadata, and repository inspection; not installed or benchmarked",False
